entrydate,userid,name,seibetsu,age,totalmoney,birthday
2019/08/20,WG78242,シネメワト,men,64,63000,1956/06/28
2020/01/14,RP38278,ハルトヤテ,women,44,75000,1976/02/17
2019/10/29,VI99676,フマワ,women,59,88000,1961/06/12
2020/01/08,YX43507,ステカ,women,53,32000,1967/02/12
2020/07/19,CB13046,ストラメンカ,men,69,98000,1951/03/16
2019/09/19,WY70836,クヨモハアヘ,men,69,16000,1951/06/11
2020/05/21,KY50919,ユコ,men,43,81000,1976/08/22
2020/02/14,EV55298,キコハル,women,28,54000,1991/10/14
2019/12/31,WT95574,フサウケツ,men,26,81000,1993/12/06
2020/02/10,NF99178,ルワンヘマ,men,72,13000,1948/06/17
2019/09/30,GP75483,エセ,men,55,10000,1964/12/14
2020/05/20,CG51269,エタミヲ,women,29,40000,1990/10/28
2020/02/17,SH53076,ヲカ,men,27,56000,1992/12/26
2020/02/18,BX87317,キソ,men,70,8000,1949/10/07
2019/11/28,VM38035,レノワフウ,women,63,3000,1957/01/15
2020/07/12,NE78813,ソロロエ,women,42,42000,1977/11/02
2019/08/17,AV23759,スム,women,40,1000,1980/01/08
2020/07/21,HB26655,チニリミヒト,women,61,65000,1958/09/03
2020/03/30,QM75636,マサアンス,women,37,10000,1983/02/08
2020/04/08,PW79419,セル,men,56,47000,1964/05/25
2019/12/21,ZN62088,ノムツネエ,men,48,97000,1971/09/07
2019/11/08,IU37978,フワ,women,66,22000,1954/05/23
2020/02/05,ZH15023,ネヒア,men,43,16000,1976/12/05
2020/04/18,UP24707,ムワ,men,23,37000,1996/11/25
2019/11/13,DR55934,ワヘセン,men,23,58000,1997/07/14
2019/12/17,LI23070,チオヨネセキ,women,76,5000,1943/11/16
2020/05/15,FI16497,ノチトヒニメ,women,53,34000,1966/11/28
2019/09/10,IO97988,ムホマオニラ,women,29,74000,1991/03/03
2019/09/17,EV73562,ニリキサ,men,39,1000,1981/03/03
2020/07/14,LX83727,ツタヘエ,men,24,29000,1996/07/07
2020/06/09,WQ94719,リハヤロヌク,women,74,39000,1946/06/04
2020/01/22,VD98352,ンシ,men,33,58000,1987/05/03
2020/02/26,QX16563,ムヌキニムク,women,31,74000,1989/03/17
2019/11/27,UZ63631,ナチクトコ,men,28,89000,1992/04/23
2019/10/04,MH14297,ルロチユ,women,40,38000,1980/04/06
2020/05/31,EE22166,マトメムヲ,women,42,24000,1978/03/28
2019/08/08,YQ72760,アルセツウイ,men,43,85000,1977/05/19
2020/04/12,AU32727,リエフス,women,33,24000,1987/05/18
2020/06/20,TM26073,チノル,men,32,1000,1987/11/06
2020/01/23,GT83880,キル,men,69,85000,1951/05/03
2019/12/23,ER33276,レニミムヌナ,women,55,74000,1964/10/17
2020/04/25,RQ13714,ムテハシ,women,58,65000,1962/07/24
2019/08/24,OX43397,テテホナン,men,42,29000,1978/03/31
2020/01/19,CO84639,ムワヌロキカ,women,80,47000,1939/09/22
2020/05/19,HA46319,クツメワニト,women,46,42000,1974/04/23
2020/02/27,FX73168,セミスメレ,men,52,72000,1968/05/09
2020/07/20,IO55358,ムクンツテウ,women,71,35000,1949/05/01
2020/07/23,DQ70027,ワシネヤ,men,51,70000,1968/08/12
2020/03/27,TE59583,ルネワロフタ,men,76,62000,1943/09/09
2020/04/05,PQ81689,レヲミユ,men,57,35000,1963/07/11
2020/03/30,GD36913,ケノルワメヌ,women,78,22000,1942/05/15
2019/08/06,IS40684,ヲスヌタヘナ,men,35,88000,1984/10/19
2020/07/08,BZ81807,ネカヌ,women,41,11000,1979/02/22
2020/03/25,IJ27851,ムマウ,women,58,42000,1962/05/04
2019/09/13,NC47267,サモハ,men,76,26000,1943/09/03
2019/11/10,EL46193,ヌオラサカム,women,72,4000,1948/01/22
2020/03/19,DA74520,キヤヨメ,men,38,35000,1981/10/27
2020/05/08,LJ80642,ヲネ,women,36,51000,1984/05/04
2020/05/01,GY88489,マルメオノ,women,38,41000,1982/07/31
2020/02/09,AO33508,エヌツ,men,55,16000,1965/05/14
2019/12/21,ED64236,ヌンフンカ,men,74,58000,1945/12/29
2019/09/03,FB46342,ントミ,women,67,76000,1953/06/15
2020/07/19,BT37492,ヘト,women,60,40000,1959/09/20
2019/12/23,TG26923,ハロ,men,77,42000,1943/07/15
2019/09/17,IU76038,ユカンムリセ,men,40,18000,1979/08/22
2020/04/28,XQ23594,キエスミ,women,48,21000,1971/10/18
2020/06/21,IV54500,ノンネノ,men,78,75000,1942/01/08
2020/07/07,UD34650,ヨウクキヌレ,men,51,33000,1969/02/09
2019/12/31,XC54540,ワタラソフ,women,25,73000,1994/08/21
2020/02/29,ND94956,ヲヤス,men,81,66000,1939/05/28
2020/08/02,XA12734,メレスレコ,women,68,52000,1952/06/15
2020/05/11,PZ68993,ヤニラヲエ,women,51,57000,1968/08/25
2020/01/29,IY73653,ヌリ,men,57,94000,1962/08/13
2019/09/20,YZ37999,アヘホユワ,men,27,88000,1993/07/02
2020/02/22,QS29992,フホネミ,men,62,10000,1958/01/27
2020/07/21,ZZ86149,フナテニア,women,34,18000,1986/01/31
2019/11/16,VC69306,スタラヤ,women,73,87000,1946/12/14
2020/02/08,VI13476,フテナミキチ,men,40,40000,1980/01/10
2020/06/26,LA43954,ホトヲ,men,73,13000,1946/08/07
2019/11/20,IZ46271,ンリ,men,72,66000,1948/01/29
2020/06/20,LZ74242,シタン,men,34,58000,1986/04/30
2020/06/30,NO33838,オヒテメ,men,37,39000,1982/10/12
2020/06/09,YP45425,テホヤオロウ,men,34,93000,1985/12/27
2019/09/10,KC80157,ヨナヲロムウ,men,76,78000,1944/01/06
2020/01/14,YK97019,リトヒエナ,men,74,53000,1945/11/28
2019/11/15,SE92893,ワツシサワ,women,71,8000,1948/12/02
2020/07/26,TE95413,ヒナチ,men,25,97000,1995/02/14
2019/10/03,LH22660,マヤメマレセ,women,69,78000,1951/07/07
2019/12/12,XA64718,イユウユス,women,52,97000,1968/05/03
2020/04/12,RN84554,トマオ,men,58,5000,1962/03/12
2020/07/06,LW17109,ホコトミ,women,71,94000,1949/06/18
2020/04/26,IG31458,マツ,men,48,84000,1972/05/24
2020/02/03,CI84005,メクセシマハ,women,31,65000,1988/11/11
2019/08/13,CW50038,タオン,men,50,53000,1969/10/21
2019/08/27,VG83791,メラメユロ,men,46,11000,1974/04/02
2020/06/12,DJ66969,ムインウサオ,men,38,22000,1981/09/17
2019/11/13,GO92825,ラソ,women,72,42000,1948/01/21
2020/02/11,ZM61167,ヒニ,men,71,54000,1949/06/17
2019/10/15,RI19958,キワカスラケ,men,39,42000,1980/10/16
2019/08/23,DO89380,ノツサムラモ,men,36,61000,1984/07/13
2020/02/10,BM48008,ニケ,women,63,89000,1957/01/17
2020/01/08,BI70589,ヘケ,men,40,6000,1980/01/10
2019/11/08,OM76193,ヲアレ,women,52,15000,1968/03/05
2019/12/11,LY55135,ウヘアトク,women,69,3000,1950/08/09
2019/10/24,JZ86160,アワロヤウ,men,64,37000,1956/06/10
2020/05/29,US21285,モト,men,48,22000,1971/09/07
2019/08/18,VD22412,ユイ,women,78,87000,1941/10/12
2020/04/02,ZW50142,カフヒニラ,women,69,10000,1950/12/16
2020/01/24,YQ59224,ミハト,women,39,83000,1981/06/06
2019/09/17,KC88423,ヨミヌコ,women,39,56000,1980/12/04
2020/07/22,YQ40785,レホ,men,76,49000,1943/11/16
2019/09/19,ED51849,ンロソマハタ,men,55,82000,1965/04/23
2020/05/11,KQ17371,ノホワアコ,men,59,79000,1961/01/01
2019/11/07,AR18869,ミランニヨソ,men,29,20000,1990/10/14
2019/12/16,HP16222,ワコト,men,35,58000,1984/10/23
2020/06/07,QF93130,ヌヲン,men,41,41000,1978/10/26
2020/07/26,XS24561,ムテモメ,women,47,45000,1972/10/19
2019/08/09,EI15772,レレツノ,men,33,64000,1987/01/24
2020/05/19,HJ38303,レスホヌ,women,65,76000,1955/07/07
2019/08/16,YM18429,イコアクン,men,29,49000,1990/08/20
2020/02/09,WY48006,カソヨム,women,71,30000,1948/08/15
2019/12/21,QY25576,セロヘヲリロ,men,56,88000,1964/04/06
2019/12/31,IR44726,ムサ,men,62,22000,1958/06/08
2020/05/23,IK33693,ネノネ,men,33,1000,1987/02/28
2020/07/29,MM87284,ヲメ,women,32,5000,1987/12/14
2020/05/25,GT97210,コモ,women,39,44000,1981/02/08
2019/09/22,BW15287,ソネウテヨタ,women,68,44000,1951/10/26
2020/05/31,MS23565,ノラクロニ,men,56,6000,1964/02/02
2019/12/24,RP58853,レマイサルキ,men,36,88000,1984/06/15
2020/02/21,ZV53606,ルリリモヘ,women,63,68000,1957/01/09
2020/03/21,HI25222,リイエコユリ,men,49,70000,1971/08/03
2020/02/03,QM91857,メワリニ,men,48,8000,1972/05/22
2020/03/28,QD81476,オヘムカナヨ,men,79,99000,1940/10/10
2020/03/13,OW66436,リイヨユ,men,29,39000,1991/07/08
2019/08/10,LN33570,モオロモソ,women,52,38000,1968/02/05
2020/04/22,MH38445,ヨユチロフコ,women,32,40000,1988/08/05
2020/04/07,MB99249,ヲリテニホイ,men,53,3000,1967/03/15
2019/10/14,DM36394,ハロムロ,men,54,15000,1965/11/10
2020/02/10,PH44667,ナツムエラ,women,35,42000,1984/10/12
2020/03/25,QI72860,サリユヘ,men,79,49000,1941/07/29
2020/04/08,QZ89397,ユチヨワ,women,60,34000,1959/09/13
2020/06/29,VQ21463,カナユヌワ,women,36,93000,1983/10/26
2019/09/20,QN54592,ユモヌユムマ,women,76,43000,1944/05/12
2020/06/25,YD83504,ケメ,men,62,43000,1958/02/13
2020/06/05,TM65820,フア,men,50,40000,1969/11/15
2019/09/18,VP65930,シイ,women,36,9000,1984/02/22
2020/03/20,BI90728,ニハヒ,men,51,56000,1968/09/25
2019/12/02,WS77346,ハニ,women,80,43000,1939/08/12
2019/11/03,CE54639,トラ,men,47,1000,1972/10/11
2020/07/10,OL80570,ンレトテリ,women,46,3000,1974/05/09
2020/05/18,ZL63759,イネヘアヘ,women,50,99000,1970/07/23
2020/08/01,XK13282,オヌヒツ,men,77,37000,1943/07/31
2019/10/13,YU60669,ツホツタレ,men,60,97000,1959/08/19
2020/03/28,TI42929,リキウヤ,women,56,33000,1964/02/26
2019/12/24,DP99082,ヌシイアツチ,women,60,35000,1959/10/30
2019/10/26,NS55070,タツツ,women,53,44000,1967/01/27
2019/11/07,MA72549,ホイ,women,49,29000,1971/04/25
2019/09/02,KK36198,ヲモアテル,men,36,7000,1984/08/03
2019/11/14,MO84156,ラカオメホ,men,44,67000,1975/10/08
2019/09/07,ST27349,カツヒ,men,26,66000,1994/05/21
2019/10/26,GD30077,ヒワ,women,28,13000,1992/05/07
2019/10/03,GG23781,ンテサラレテ,men,48,73000,1972/03/10
2020/03/08,GL91536,ルナ,women,64,1000,1956/06/01
2020/01/14,EL68612,キセテナナ,women,46,59000,1973/12/26
2019/12/03,UD65968,ロシマヘトム,men,80,83000,1939/11/04
2019/09/01,PA58096,カノ,women,57,93000,1963/03/10
2019/08/30,LO96457,コホヨ,women,79,49000,1941/03/21
2019/10/06,XL20292,シイ,women,56,94000,1964/04/27
2019/08/18,LL44592,フチウキ,men,51,40000,1969/06/18
2020/06/18,PP73628,サイウヒ,men,23,47000,1997/05/03
2020/02/08,FP24391,イクソサエ,women,78,16000,1942/04/06
2019/11/04,CS95946,ユルモテ,men,56,34000,1964/05/26
2020/07/19,FD87021,エメモチヤホ,men,73,97000,1946/12/26
2019/09/26,XF88029,ノヘスナレラ,men,58,33000,1962/01/27
2019/12/31,UM19068,エヲナ,men,63,98000,1956/09/13
2020/02/08,ZP40071,ノヘホミチニ,men,37,1000,1982/12/03
2019/09/08,LW19478,ケヘチニ,women,50,20000,1969/12/20
2019/11/05,HC64305,ヒノ,women,63,82000,1957/05/30
2020/05/28,SY60809,ミムヤラメ,women,24,79000,1996/01/03
2020/06/25,KZ78501,ハセノコン,women,41,19000,1978/10/21
2019/09/02,DN46415,ソケ,women,53,7000,1967/02/12
2019/12/30,KD16105,トシミソユオ,women,65,53000,1954/08/11
2019/12/07,ME84260,ヨシワ,men,33,12000,1987/04/03
2020/03/04,SP16119,ミロラチカ,women,33,69000,1987/05/09
2019/10/03,ET35509,ソテノネ,women,81,8000,1939/03/24
2020/07/31,MZ85115,ニンノ,men,48,27000,1972/07/18
2020/01/22,SU76342,ウキイソヲ,women,34,57000,1985/10/31
2020/05/10,SY68593,ンラヘ,women,38,32000,1981/09/20
2020/08/03,UY86318,ヘネワフフ,women,31,79000,1988/10/13
2019/11/25,SO18088,ナノホサモ,women,58,44000,1962/03/14
2020/07/26,YR90609,ウセメ,women,64,75000,1956/02/13
2020/03/28,TS19412,ウセイコエ,women,27,66000,1992/11/28
2020/07/15,PN71854,ンニ,men,38,17000,1982/06/19
2020/05/10,LZ70774,ンナ,men,75,25000,1945/03/06
2019/10/28,JY99917,ケタイ,women,44,69000,1976/01/28
2019/09/04,LE20339,シラキソキエ,men,36,26000,1984/01/01
2019/10/31,CU78128,ヒタクケホオ,men,58,96000,1962/02/26
2019/12/18,RV15254,タユナ,men,75,40000,1945/02/06
2019/12/28,QA55837,ヒヘネヲノオ,women,52,60000,1968/06/18
2019/10/04,ZB37469,ミマチ,men,24,95000,1996/02/14
2020/02/03,DC71598,ヌエヌレハヒ,men,27,77000,1992/09/19
2020/07/29,JP40656,ネモロサニ,men,33,13000,1986/09/14
2019/10/25,CB82475,チケミテセ,women,41,75000,1979/04/26
2020/04/27,DS91064,ナヲメオ,men,58,77000,1961/12/19
2020/06/12,JA16909,ヘテイ,men,48,14000,1971/11/02
2019/10/02,CT93772,キア,men,62,86000,1958/03/03
2020/01/09,MI56335,ヲクワホマ,women,54,33000,1965/09/12
2019/08/20,HP15163,ヒノサヘキ,women,48,7000,1971/09/22
2019/10/11,KA76593,ウテルミ,men,60,27000,1960/06/30
2020/02/22,VR36221,ヲセ,women,67,89000,1953/03/05
2019/09/16,OX84747,モフオヨカセ,women,29,80000,1991/04/06
2019/11/02,XR36135,ヌカトマニノ,women,58,69000,1961/12/15
2019/10/26,QX96842,ユケレハ,women,57,64000,1963/06/26
2019/12/27,NH39518,ヨスアヘラ,men,75,5000,1944/12/01
2020/06/01,SL83434,ムトキ,men,47,42000,1973/05/15
2019/11/23,NC82808,クリナテヨイ,men,35,79000,1984/09/03
2020/05/18,UE95583,フリ,women,80,70000,1939/09/15
2020/02/18,ZA50989,フエコヲイ,men,40,17000,1979/10/31
2020/06/29,XX74709,トヌイムツフ,women,75,9000,1945/07/22
2020/01/23,VF52515,チケヤテウ,women,70,69000,1950/05/18
2020/02/16,WA54354,シフヒ,men,47,82000,1972/09/04
2019/10/18,YD50448,アサ,women,74,83000,1946/07/09
2019/12/10,CQ99599,ヒヨン,women,28,62000,1992/07/21
2019/08/27,OF76167,レヨヤアネネ,women,64,10000,1956/04/11
2019/12/13,XJ46393,ムヌスモロホ,women,31,83000,1989/04/06
2020/01/12,LC89357,ヒサツムオ,women,38,87000,1981/10/07
2019/11/19,NI55174,ヤクユネ,women,34,43000,1985/09/02
2020/07/20,YJ82507,シメシテ,women,48,4000,1971/12/22
2019/11/10,OT97045,ミマサヒ,men,56,59000,1963/09/08
2019/08/15,YC85756,チマモテレア,women,42,27000,1977/09/21
2019/09/19,UX27202,ヨナ,men,69,30000,1950/09/14
2020/06/23,DZ80562,クケヲケソ,men,55,96000,1964/09/22
2020/04/23,PK96977,ヒハレンルシ,men,78,73000,1942/03/29
2020/03/20,DO33726,リツ,women,51,28000,1969/03/28
2020/05/20,VW60015,ンフヌ,men,67,48000,1953/01/18
2020/06/28,YE35016,リマフネラ,women,63,13000,1956/12/25
2019/10/17,ER52918,セリウラ,men,66,85000,1954/01/17
2020/07/08,UA49823,チハオンチ,men,22,19000,1998/03/29
2020/03/04,ET34681,モムヨ,women,39,59000,1980/12/09
2019/08/15,BL14983,リツラハ,women,28,72000,1992/03/05
2020/03/11,PO74389,ネキイ,men,24,60000,1996/02/23
2020/04/08,DW38118,シウト,men,70,58000,1949/09/12
2019/09/12,QH83864,ミヨカネルヌ,women,50,23000,1970/03/31
2019/08/12,PA81150,テタンリスク,women,37,57000,1983/07/13
2020/03/15,CY98287,ネラネワ,women,38,19000,1982/01/25
2020/03/03,RG81565,ケウリウツ,women,29,96000,1990/09/12
2019/12/25,OY46048,ワコハヒフハ,women,65,37000,1955/01/11
2020/04/25,RY30819,メメツフヨコ,women,31,85000,1988/08/12
2020/01/28,IM24782,ニノメロヨ,women,42,40000,1978/03/20
2020/05/05,UP26685,モウフミ,women,38,79000,1982/06/17
2020/04/01,BG69554,ルナス,men,60,68000,1960/01/26
2020/01/28,BC66811,エリンカユメ,men,31,27000,1989/07/10
2020/07/11,GH91873,スケロヤヒ,men,30,50000,1990/04/05
2020/03/29,QG33366,ヌン,women,30,22000,1990/03/21
2019/10/09,IZ84497,ヲイハメセユ,men,61,1000,1958/09/29
2020/03/09,FU32332,ソンモア,women,61,84000,1958/12/16
2019/09/25,AE42502,メアケ,men,34,44000,1986/04/03
2020/03/11,ZN59987,ロク,women,62,4000,1957/09/15
2020/01/10,OM83130,イマ,women,56,38000,1964/01/04
2019/10/14,PK28405,エケ,men,54,67000,1965/11/06
2020/07/12,UO86554,チシ,men,60,49000,1959/10/01
2020/02/06,UY79097,ヒサキラ,women,60,84000,1960/07/18
2020/04/18,JV70956,ウネアマ,women,79,59000,1940/10/21
2019/09/22,TD74533,ンミタヤサ,men,66,48000,1953/11/16
2019/08/29,BW27809,タハアオノ,men,55,56000,1964/12/25
2019/08/14,NW95988,ネチツロヘ,men,34,36000,1985/12/27
2019/11/14,LP80955,ツルケ,men,22,27000,1998/06/29
2020/04/12,NX88062,スセクヘム,women,26,2000,1993/12/26
2020/03/01,NA49434,キサカマ,women,79,32000,1940/09/03
2019/12/30,DL53209,ヌテ,women,62,84000,1957/11/18
2020/07/17,ZB91679,ネヲホレ,women,22,4000,1998/01/24
2020/04/14,QK61618,チモユク,women,76,32000,1943/12/01
2020/06/03,FT41818,クモ,men,56,82000,1964/07/15
2019/08/21,ET81740,レモ,men,42,90000,1978/03/23
2019/09/03,HQ81782,ニラシアコ,men,51,88000,1969/06/16
2020/05/13,JM83472,ヘホ,men,66,81000,1954/04/13
2020/06/29,IN34867,レクレ,men,73,35000,1947/04/06
2020/02/15,DA56058,ハフタワリ,men,63,44000,1957/04/20
2019/12/25,LE41856,マヲヘ,men,32,87000,1987/11/14
2019/12/18,LT50276,レタレメ,men,71,5000,1949/04/22
2020/06/06,DA18365,アエスイ,men,43,52000,1977/04/21
2019/11/22,YJ94853,モロヨマソヲ,women,53,66000,1967/03/25
2019/12/16,EF66528,ラチリ,men,48,2000,1972/07/26
2020/06/29,HS68734,ウイムシ,men,59,20000,1961/04/03
2019/11/07,MB57998,カエエトナト,men,59,75000,1960/09/26
2020/01/30,WD92546,ハクオヌ,women,65,14000,1954/10/17
2019/12/10,UN14552,ワユカオニナ,men,56,89000,1964/06/27
2020/05/02,IR57694,ヒケ,women,52,94000,1968/04/23
2020/01/02,RE80288,クタ,women,43,81000,1976/11/24
2019/09/13,MY85179,ロコレ,men,41,27000,1978/09/21
2019/08/20,DC32761,オワヲヲヌミ,women,40,33000,1980/02/08
2019/09/02,CZ31300,ノオ,women,29,27000,1991/01/13
2019/10/07,FM61347,モムカ,women,44,11000,1976/03/24
2020/04/29,NW13475,ソテノチ,men,29,67000,1990/08/14
2019/08/31,WU21109,ナヒフ,women,43,91000,1976/10/16
2019/11/30,KF87877,ニウ,women,57,58000,1962/10/19
2019/10/04,MD22260,スホコヨ,women,73,51000,1947/05/29
2019/09/05,XO78169,マアリラト,men,25,6000,1995/04/21
2020/01/24,II42325,テヒレ,men,63,41000,1956/10/15
2019/11/27,CG14999,セハマ,men,78,65000,1942/01/25
2020/01/31,YA25428,ハニホイネス,men,76,91000,1944/04/07
2020/03/04,OB49038,ルオ,women,65,61000,1955/03/04
2019/10/22,HU88670,モラヨナ,men,46,98000,1974/06/20
2020/06/12,ZP31566,カヨ,women,48,68000,1971/10/26
2020/02/18,YY18930,ヤウオス,women,40,11000,1980/04/03
2019/11/02,UA85240,モミルル,men,34,67000,1985/09/04
2019/09/19,GD81403,トヌカ,men,42,19000,1978/06/11
2019/09/21,WD62466,クヤ,women,38,99000,1982/08/04
2019/11/30,LZ83859,ナツンシネ,women,21,26000,1998/09/09
2020/03/24,VR76995,ロミユヘコネ,women,31,28000,1989/03/30
2019/09/02,UH92220,シミウロワル,men,46,82000,1973/09/04
2019/12/26,ZR28500,セネヒセヤモ,men,36,35000,1983/11/19
2019/12/08,GN22334,セトエ,women,36,15000,1984/05/02
2019/08/13,RG67601,リノフチトサ,men,58,62000,1962/07/13
2020/06/18,JW58451,ヲルヌリル,men,57,28000,1963/03/19
2019/12/30,HO92330,カサヲテ,men,34,4000,1986/07/31
2020/07/17,AM31490,シソ,men,77,45000,1943/03/11
2020/03/24,YX15658,イロ,women,38,10000,1981/10/30
2020/04/25,HP96557,キイヒアノ,women,61,64000,1959/05/07
2019/12/19,OU79760,ヨナマフヲ,men,24,91000,1995/09/28
2019/09/03,TD76418,ヲウチヲリ,women,31,15000,1989/05/06
2020/05/13,AA55031,フタハコ,men,52,14000,1968/07/23
2020/06/27,SW20832,キヌナリ,women,47,44000,1973/07/30
2020/01/13,FO40743,ヌム,men,41,48000,1979/05/30
2019/09/03,QG18666,クワヒスムカ,men,52,25000,1967/11/08
2020/04/05,YU99256,ナヌネヌン,women,52,70000,1967/10/11
2020/08/03,DB13752,ンフ,men,60,16000,1960/05/20
2020/06/01,JX94944,トシウセ,women,45,47000,1975/03/13
2019/08/30,TV39506,レラルミチ,women,79,60000,1941/04/07
2020/05/18,HD18514,ヌラモオ,men,51,23000,1968/08/08
2020/07/08,CW84281,ネモコア,women,28,24000,1992/06/24
2019/09/26,CT71186,サソヤヲモ,women,37,97000,1982/12/26
2019/10/10,SU47438,トテヌモキ,men,61,93000,1959/05/19
2019/11/07,AF29910,ヲヨウワノム,women,71,20000,1949/05/20
2019/11/13,OI96075,オトアラリタ,men,79,27000,1941/03/20
2020/06/10,LT44655,サミト,women,72,32000,1947/09/12
2020/05/05,AG28438,キフヒチ,women,30,96000,1990/01/15
2019/08/11,NO67353,ヲタルヘクヲ,women,66,8000,1954/05/16
2020/05/02,KN35112,ナナロア,women,67,55000,1952/11/05
2020/02/27,XH39350,ヒモ,men,65,92000,1955/04/25
2020/05/17,RS36685,コスエハ,men,26,51000,1993/09/09
2019/09/06,ZN33614,コロ,women,60,49000,1959/10/19
2020/05/18,VM63175,ンテモ,women,61,10000,1959/02/23
2020/08/03,PT90852,ヒナエニラ,women,52,19000,1968/02/16
2020/04/08,QE42897,ラルミケヤユ,men,44,29000,1975/08/10
2020/03/23,OR64388,トヤコヨタイ,men,78,19000,1941/12/08
2020/07/07,QB94517,ノワムモ,women,53,56000,1967/04/26
2020/03/15,GY26958,ソア,women,29,74000,1990/12/15
2020/02/12,LF77698,ネオリモキ,men,23,46000,1997/06/08
2020/04/26,HD99819,メケウ,men,76,11000,1943/10/10
2019/12/12,HU70273,ネノ,women,39,87000,1981/07/28
2020/05/20,KR64596,ミカ,women,59,34000,1961/07/02
2020/05/29,GR27677,チシハヲカ,men,34,95000,1985/08/23
2019/08/26,LU19718,シソワフ,men,73,20000,1947/03/16
2020/05/10,VX50810,サヌエタ,women,46,78000,1974/05/07
2019/10/29,XK35189,ヘエ,men,24,79000,1996/07/13
2020/07/03,LM85479,フヨヌミセ,women,70,51000,1950/04/20
2020/07/16,XX80336,ヤワイタハン,men,69,75000,1951/06/18
2020/01/31,AY79251,ヲトマモ,women,41,97000,1979/04/28
2020/01/27,DK29002,ナンムテ,men,60,47000,1959/08/06
2019/10/22,PF17327,ケハケ,women,73,13000,1947/05/02
2020/01/29,IK72380,リオスナヘフ,men,48,77000,1972/06/01
2019/08/22,MZ77071,テケレ,men,78,83000,1941/11/11
2019/10/27,HQ99194,ヨイロ,men,36,88000,1983/11/01
2020/07/20,NB41246,マリ,men,33,13000,1987/01/18
2020/04/14,FE82336,ロモワノ,women,75,58000,1945/07/03
2019/10/30,OA17004,テソラト,women,68,6000,1952/07/06
2019/12/21,SB18090,シヌヘタツオ,men,67,38000,1953/07/31
2019/09/20,QA85240,シホシウ,women,57,35000,1963/08/03
2020/01/07,VK22313,ヤカロホンラ,women,69,88000,1950/10/07
2019/11/17,JU76070,メウキマレク,men,56,17000,1964/07/01
2019/12/03,RM25491,マクケ,women,34,50000,1985/12/05
2020/05/22,BQ15718,ニソフン,women,23,94000,1997/01/07
2020/02/26,RS34281,アコ,women,37,41000,1982/08/21
2019/09/03,LX44055,ンイシ,men,26,3000,1993/08/06
2020/07/04,OF65019,ツヨ,men,23,8000,1996/09/06
2019/08/27,RI99151,タヘラウン,women,24,76000,1995/12/10
2019/08/30,DE73097,ルヘミシ,men,74,20000,1946/04/14
2019/12/11,QM32575,タホスホ,women,25,3000,1995/05/02
2020/01/16,DD79414,コヌヒシ,women,45,93000,1974/11/21
2019/08/18,OS50621,ムヘ,men,51,29000,1969/01/01
2019/12/31,RZ73754,ソチ,women,24,59000,1996/03/09
2019/10/17,BL98794,コホモワタ,women,25,63000,1995/05/03
2020/04/26,QV44557,ヌンソキテン,women,62,61000,1958/06/05
2019/08/15,AN94831,リネロフ,women,23,89000,1996/11/06
2020/02/16,LU43571,ヒミフセホ,men,36,49000,1983/08/09
2020/06/03,SV90791,コレツオユフ,men,71,68000,1949/07/06
2019/11/24,SH70507,フトミロユユ,women,29,38000,1991/02/25
2020/05/15,ZK56225,クセシム,women,32,91000,1988/07/30
2020/01/28,CN19932,ヌレワ,women,31,18000,1988/09/16
2020/04/07,KI22772,ホセミヨレ,men,58,86000,1962/05/19
2019/12/20,NQ93411,ムエヤ,men,57,62000,1963/04/29
2019/12/18,DZ39943,マソミセマク,men,51,5000,1968/12/22
2020/04/05,NJ99196,メヒクカネケ,women,75,76000,1945/04/15
2019/08/07,PY76183,アスワ,men,44,43000,1975/11/23
2019/12/20,UD84039,モモラタモヌ,women,63,42000,1957/06/05
2020/01/12,RW83735,ミトナヤ,men,54,57000,1965/10/15
2019/09/01,PA92803,ツユワシヘク,women,27,40000,1992/10/24
2019/11/06,TE23886,ロホレ,men,70,18000,1950/06/05
2020/03/04,UN33752,タラオケ,men,29,90000,1990/09/16
2020/04/04,OL54962,ロノキヤ,men,64,53000,1955/10/21
2020/04/27,XI48044,ツヲ,women,25,87000,1995/02/12
2020/05/12,AP48311,マネシケルヌ,women,48,22000,1971/10/25
2019/11/09,NJ49301,チキヌヤ,men,52,6000,1967/11/27
2019/12/15,LQ40902,ケオ,women,50,71000,1969/12/05
2019/08/09,SH94873,ワンタヌヒメ,men,47,19000,1973/02/19
2020/06/13,EM57013,ハエナ,men,79,87000,1941/07/09
2020/04/30,TZ53069,ネヒアノセウ,men,49,26000,1970/10/24
2020/04/28,DG49243,エナイシヲソ,men,43,69000,1976/09/22
2020/02/06,AB52628,ソマユツネ,women,31,46000,1989/07/10
2020/06/18,GY54590,コヘルヤ,men,60,88000,1959/08/23
2020/04/02,RW67087,タエ,women,32,82000,1988/06/25
2020/06/27,EX12809,ツヤマンネ,men,23,67000,1997/01/29
2019/11/02,EZ30843,ロサ,women,31,63000,1989/03/28
2020/07/15,OK96644,ヤソセシ,women,72,79000,1948/05/30
2020/06/17,DH69650,ンウツ,women,23,58000,1997/08/02
2020/02/12,BO58774,ヒノルテメ,women,50,60000,1970/07/04
2020/03/15,DE32009,ヤサヨラニキ,men,70,39000,1949/08/16
2019/11/30,XG21774,チネ,women,62,18000,1957/11/22
2020/07/23,OR88346,ヲモユモイヤ,women,36,1000,1984/05/23
2020/03/22,RU42758,シテ,women,47,94000,1973/01/08
2019/11/25,YW93389,ソレツ,women,61,87000,1958/08/31
2020/02/08,IX50990,トムコヤワ,men,76,1000,1944/03/20
2020/02/03,EP54757,ワナノモリユ,women,44,12000,1975/12/09
2019/08/10,OV33755,ムヤ,men,26,28000,1993/10/18
2020/04/22,BP45956,イタミオシル,women,78,13000,1941/12/30
2020/06/06,PJ68696,トル,women,56,95000,1963/12/16
2019/09/29,VI29641,クン,men,31,78000,1989/02/19
2020/07/25,JE14037,ムフ,women,74,42000,1946/05/05
2020/01/14,MM95284,レユレヤスタ,women,55,57000,1965/07/09
2020/07/04,HX92938,イロ,men,65,50000,1955/05/05
2020/01/08,OU47260,ノワノエアケ,men,38,18000,1982/04/16
2020/04/13,RH54393,オヨヘセ,men,46,62000,1974/03/27
2019/11/30,JZ91914,リケヤフ,women,50,18000,1970/03/18
2019/08/16,WK99262,レルヌアワ,women,75,78000,1945/03/23
2020/04/06,YL75609,ヤレコ,men,44,61000,1975/11/03
2020/03/05,CB35889,メミツヤク,women,58,48000,1961/12/06
2019/11/01,CI81519,ナトラ,men,76,57000,1943/10/20
2020/07/13,RU42190,ハルヒ,men,64,91000,1955/10/01
2020/03/11,QA47536,ヌホケノケ,women,44,19000,1976/01/19
2019/12/10,IS44535,ハメヲミヲ,men,47,63000,1972/09/27
2020/04/07,XX35426,ヲミヌツム,women,59,22000,1961/05/07
2020/05/24,SG18018,テチニリホユ,women,62,41000,1958/05/23
2019/09/16,BQ21549,スアクノサヨ,women,81,79000,1939/06/13
2019/12/31,WY69079,エレコ,women,45,42000,1975/04/20
2020/02/15,VY96032,ホメムソメ,women,57,53000,1962/09/22
2019/12/26,CB48311,ヒレ,women,59,10000,1961/01/03
2019/08/13,IY22398,トハウ,men,62,17000,1958/02/16
2020/02/03,NI62187,イサモラ,women,54,70000,1966/02/21
2020/04/29,BX77524,マヌレ,men,63,18000,1956/11/29
2019/12/08,GK72323,ルワ,men,56,38000,1964/04/11
2020/07/29,KI47481,レヘツワタヒ,men,56,64000,1963/12/09
2020/06/08,HN76184,ムニニヌヘ,women,36,7000,1984/02/11
2019/11/04,KM97399,テル,women,77,67000,1942/12/30
2020/01/14,KQ42118,モソサヤロ,men,58,94000,1962/06/02
2020/04/03,NA96428,ユヒリクリ,women,49,84000,1971/05/22
2020/05/22,MA99089,ルツネテ,women,78,90000,1941/09/01
2020/01/27,ZM33689,マノルミ,women,23,62000,1996/11/20
2019/08/09,CI56671,エソナテネ,women,63,74000,1957/02/21
2020/05/19,CX93591,ツノ,women,27,67000,1993/03/04
2020/07/26,SO46085,サムニスカ,men,45,64000,1974/08/31
2019/12/22,CJ81846,トミソアスオ,women,49,83000,1970/12/13
2020/01/17,HI68066,マハ,women,68,34000,1952/01/28
2019/11/06,YM79994,ナル,men,57,9000,1963/07/29
2019/10/21,LU97124,ナホユフロコ,women,23,28000,1996/10/27
2020/05/13,OC87036,クケヌミヘケ,women,58,61000,1961/11/25
2020/02/07,CS12092,オヤラレ,men,56,63000,1963/11/04
2019/10/03,VD96184,リウウネホル,men,44,54000,1975/11/16
2020/02/21,NP80182,ソヌ,men,66,92000,1953/11/28
2019/08/13,XO77348,ツヲヤツラ,men,61,35000,1958/12/02
2019/09/12,MR94027,ラケメ,men,43,90000,1977/06/21
2019/09/02,KO35353,ナハアイ,men,26,95000,1994/04/21
2020/02/21,CP27437,サア,women,24,77000,1995/08/22
2020/05/27,EU76972,ヨキタ,men,29,29000,1991/01/11
2020/01/16,LC36062,マキヌ,women,43,69000,1976/11/18
2020/02/26,SW81881,トテンエ,women,74,31000,1945/09/15
2020/04/22,LW26057,ミヲフルソ,women,22,15000,1997/12/21
2019/09/05,HE38210,ロトレテノ,women,72,50000,1947/10/01
2020/03/13,NE86466,リセムケ,women,71,46000,1949/07/20
2020/03/11,RY31506,ヲユ,women,31,6000,1989/01/30
2020/07/31,GI87029,ハロネリエチ,men,39,24000,1981/01/15
2019/11/26,LV69961,ロオコラホト,women,77,23000,1942/11/15
2020/03/25,JW99472,ヒヌヨ,women,53,61000,1966/11/05
2019/12/17,XH74536,カヌネトカ,women,26,76000,1993/09/29
2019/08/30,HY19297,イルレネサモ,men,55,41000,1965/05/05
2020/05/26,JK52933,オイソ,men,27,75000,1992/10/21
2019/11/13,ID27587,ワワヨアチ,women,50,34000,1970/05/12
2020/02/14,KJ43330,ヌサアケ,men,51,16000,1968/08/06
2020/03/21,WY17453,クサ,men,48,62000,1972/04/07
2020/03/26,MP30882,オミユミフヤ,women,74,47000,1946/03/19
2019/11/04,SV65293,ヲコワメタ,women,33,94000,1987/05/08
2020/04/10,BL62933,ツモンコ,men,69,43000,1950/11/10
2020/07/31,BG99857,ロタウカカ,men,46,28000,1974/01/11
2020/06/01,YQ19256,ヲワヨ,women,80,1000,1939/08/13
2019/09/29,OG85813,クワエク,women,80,43000,1939/09/03
2020/05/06,XP47763,カユタイ,men,47,13000,1972/10/20
2019/11/20,GR99347,ユキオ,women,51,16000,1968/09/26
2020/08/02,KH60363,コシハテスハ,men,65,94000,1954/08/08
2019/10/08,PK67588,フオ,men,66,20000,1953/08/11
2020/01/14,SD74528,ツモトメリモ,women,23,37000,1997/08/04
2020/03/02,DV27844,ナイウ,men,80,23000,1939/11/26
2020/05/18,NO70083,ナトコワク,women,64,6000,1955/10/06
2019/09/21,JS97113,ライ,women,30,8000,1989/11/23
2019/09/28,WC57631,セヘヲソイア,women,24,74000,1995/11/30
2020/04/19,IF54667,トカラ,women,74,17000,1945/09/27
2019/12/24,BU30356,ユネカヤウナ,women,35,24000,1985/03/19
2020/06/22,KD37930,イケモヒ,men,37,89000,1983/05/28
2019/11/14,XO19234,チレニニサツ,women,75,78000,1945/03/27
2020/03/08,DP63611,ウトソニ,women,27,84000,1993/04/27
2020/03/09,QD44187,ロクン,men,36,44000,1983/08/15
2020/02/24,HB57865,シエト,women,44,4000,1975/11/30
2020/05/24,UP71465,ミハエレム,men,77,55000,1942/10/22
2019/11/28,SW67913,ホサマ,men,70,49000,1950/01/11
2020/07/21,KD83257,リコテメタ,men,72,74000,1948/08/04
2019/12/14,WU98040,エミ,women,62,18000,1958/07/02
2020/05/14,SA20751,ヘテキマヘ,men,77,21000,1942/11/18
2019/11/25,PX92212,コミ,men,81,51000,1939/06/04
2020/07/19,MN97139,チシハヒ,women,56,83000,1964/06/06
2019/11/16,HG26229,ツマタホ,men,31,25000,1988/09/21
2019/11/28,HL81977,ネカ,men,22,57000,1997/10/25
2020/01/15,UD94803,メタツ,women,59,73000,1961/05/28
2019/09/25,IN99798,フハエナユヌ,men,32,97000,1987/10/22
2019/12/02,FV81188,タケホ,men,31,36000,1988/10/19
2019/09/13,GY83715,リクタ,men,77,53000,1943/01/29
2019/08/28,IX71402,トム,women,27,45000,1992/12/03
2019/09/13,ZS97210,タテヲマクリ,men,40,5000,1980/02/13
2020/05/06,MY19481,ウヌニ,men,48,57000,1972/01/30
2020/04/29,UL48796,カササヘマカ,men,28,4000,1991/10/31
2019/11/21,TG97731,マエ,women,41,3000,1978/12/06
2019/08/22,QY44937,ウヒマハヨウ,men,73,99000,1947/03/25
2019/10/14,HZ90496,エヒト,women,57,78000,1963/03/03
2020/03/04,WC81114,ハノ,men,25,21000,1995/03/20
2020/07/17,JE20154,スネ,men,70,66000,1949/08/12
2019/11/06,OJ36996,ワキツユヒク,women,65,10000,1955/07/22
2019/12/26,GK72132,ヌム,women,40,72000,1980/02/01
2020/04/12,LN97002,ヤキケセセ,women,79,7000,1940/09/05
2020/06/23,CU64441,ヒハコフヨ,women,40,7000,1980/05/07
2020/04/20,LI70844,シン,women,23,20000,1996/10/17
2019/09/28,EM46135,ニク,women,47,18000,1973/05/06
2019/10/13,RR14487,ヌコムサニ,men,53,87000,1967/04/23
2019/09/27,RV43950,アオウクリ,men,74,18000,1945/09/20
2020/06/21,XO90154,イニス,men,78,40000,1942/06/12
2020/04/02,EU81271,ナヨウ,women,23,1000,1997/01/01
2019/08/11,PH12262,ロミケサンア,men,50,55000,1970/05/20
2020/02/13,XT68680,メレヌ,men,27,86000,1992/12/01
2019/08/29,XY47554,メヲシサ,women,72,79000,1948/03/06
2019/09/14,OA21295,キフヲヲメ,men,27,25000,1993/04/14
2020/02/16,NK42307,アケキセト,women,56,38000,1963/09/09
2020/05/24,TV23710,モサソネ,women,46,60000,1973/08/17
2020/07/17,NO59161,エソ,men,50,82000,1970/04/20
2020/03/26,BB61998,クオ,men,36,10000,1984/08/04
2020/07/23,FL54843,トヨマ,women,30,88000,1990/01/26
2019/11/18,NE34222,ネコチケワラ,women,37,98000,1982/09/28
2019/10/07,WV94806,タマテ,men,71,35000,1949/04/29
2020/07/18,BS48932,サレリヲ,men,30,81000,1990/07/17
2020/06/25,JV44041,ツテ,women,52,13000,1967/10/19
2020/06/24,OK62841,サアヒリリチ,men,39,96000,1981/04/04
2020/06/21,YK69000,トオ,women,38,16000,1982/03/01
2020/07/30,WE65208,ネヒミ,women,55,18000,1964/11/27
2019/08/13,DW17147,イヘノスロ,women,62,33000,1957/12/26
2019/12/05,QU33014,イツヨリニヤ,men,61,8000,1959/05/04
2020/06/08,XG62113,テヤ,women,50,6000,1970/02/03
2020/03/30,OA56885,コセテアラオ,women,29,1000,1991/06/28
2020/03/14,QZ28905,ンキノ,women,73,48000,1946/09/10
2019/09/08,CM39918,レネミユメイ,men,70,40000,1950/03/18
2019/09/22,BA48380,コロト,men,74,89000,1946/05/10
2020/02/29,NS86255,シリツ,women,58,40000,1962/07/24
2020/07/09,CP97546,キラフナ,men,78,56000,1942/07/10
2020/01/15,VI69274,ヨウクアヌノ,women,71,61000,1948/08/31
2020/04/10,RK68384,オエチスウホ,men,40,3000,1980/08/03
2020/01/22,PY72784,テヤ,women,41,34000,1979/05/28
2019/09/30,GU87273,ロムヘサ,women,35,48000,1985/04/30
2019/09/09,DQ13329,ケミ,men,44,87000,1975/08/10
2020/02/21,UI15101,チヒ,men,74,69000,1945/10/23
2020/03/21,GJ22862,コルサメ,women,66,77000,1953/09/10
2019/08/11,QY27817,ウコイヌス,men,36,46000,1983/09/20
2020/07/19,XX66256,ラクモキサ,women,34,29000,1985/12/29
2020/07/23,PM81528,ヌタ,women,51,51000,1968/10/03
2020/07/05,ZD88118,ラホレ,men,35,43000,1985/05/02
2020/02/02,EC36421,トマワハイ,women,35,44000,1985/05/14
2019/12/05,GV90578,ヌチ,women,27,54000,1993/05/10
2020/07/26,VT48396,ハセタノエ,women,39,30000,1981/04/10
2020/05/21,NQ14254,リケハ,men,80,85000,1939/10/08
2020/08/01,WL66510,ホミシコレ,women,34,5000,1985/09/18
2019/09/24,GS78871,オタチラヤ,men,51,47000,1969/01/24
2020/01/30,TC43979,メルキホ,men,73,95000,1946/11/27
2020/03/19,PY28686,ラマ,men,24,50000,1996/04/12
2020/02/13,AO85822,ヌモク,women,81,82000,1939/03/26
2019/08/20,PV41217,レネチシヤ,women,60,6000,1960/05/01
2020/01/03,QH85643,ケレル,women,35,8000,1984/12/29
2020/03/07,JB92739,ヨミミ,men,78,78000,1942/01/24
2020/07/04,WD27385,チネタンシ,women,71,46000,1949/07/29
2020/03/29,DW64566,ムロコ,men,24,84000,1996/06/23
2019/10/05,FN97016,ヤユヲメヒム,women,77,95000,1943/07/12
2020/01/30,GN70654,クホル,women,34,23000,1985/09/18
2020/04/09,OE23678,フロフ,men,81,17000,1939/01/05
2020/03/01,BK99695,スクヨサケケ,women,27,45000,1992/12/06
2019/11/06,QL63972,コマラ,men,43,23000,1977/04/07
2020/04/08,BG33444,スヲ,women,72,64000,1947/08/12
2019/11/06,AT65679,テヤヒケヨカ,men,23,57000,1997/07/02
2019/08/16,QK62893,トユマウミサ,men,32,16000,1988/06/30
2020/04/01,PY98448,ハソ,men,46,3000,1973/09/27
2019/09/08,GF28947,ラワルセラ,women,37,1000,1982/10/14
2019/10/08,CD15125,ノチケネナメ,men,61,89000,1959/01/26
2019/09/25,ZQ67546,ツユソカアセ,men,43,90000,1976/12/17
2020/02/14,SX62415,シテルネレセ,women,55,24000,1964/08/27
2019/11/29,VB65117,ハモロネ,women,64,60000,1955/08/24
2020/06/10,TM37189,コウネリユワ,women,81,85000,1939/01/04
2019/10/03,FX71387,チヘネネミ,women,22,21000,1998/05/29
2020/03/17,OF92698,フハエヒヌ,men,27,76000,1993/05/06
2020/04/08,DZ26358,ヘス,women,37,2000,1983/05/02
2020/04/19,MO87222,ユス,men,46,52000,1974/03/25
2020/05/21,YY25670,ラサハ,women,28,80000,1991/09/25
2019/09/10,VO66949,シネ,men,66,11000,1953/11/15
2020/03/07,PW23724,ヤチナク,women,66,2000,1954/01/06
2019/08/08,YK55777,ルサアヲエフ,women,31,69000,1989/02/25
2019/10/14,PH21491,リセヲツ,men,47,92000,1972/10/19
2020/05/06,YD75261,ヒンモミヒツ,men,70,70000,1950/03/07
2020/04/22,YB42517,テヒミツト,men,62,99000,1957/12/24
2020/01/24,LJ88723,モホテナセソ,men,37,67000,1983/01/20
2019/10/22,VN71415,サキルソヤ,men,50,56000,1970/07/08
2020/07/12,WT33175,オツユチコ,men,40,73000,1980/08/01
2020/05/16,UH42701,ムフマル,women,55,49000,1964/09/22
2019/08/21,AW51239,ニケノタムタ,women,46,32000,1974/03/11
2019/11/02,WM31437,チウチミエ,women,36,79000,1983/09/29
2020/06/23,BE20253,テユイモ,women,63,81000,1957/05/22
2019/11/23,PY51778,ネハロハロ,women,68,19000,1952/07/25
2020/02/12,DG21239,セケナハケキ,women,56,31000,1963/12/08
2020/07/04,SA41584,クサキトサ,women,27,15000,1993/07/09
2020/05/04,XL81177,コメヌク,women,22,53000,1998/06/24
2020/02/04,VS70126,モイカチト,women,42,78000,1977/09/19
2020/02/12,AS32805,ンムレノムア,women,25,40000,1995/03/22
2020/03/05,CV15120,レソケ,men,31,54000,1988/08/06
2019/09/10,HC99864,ヘトノソノ,men,40,85000,1980/06/02
2020/03/27,DR28428,ルスマレナユ,men,70,55000,1949/09/13
2019/11/21,XM66346,ホチオムニ,women,52,18000,1967/12/06
2020/04/06,TS80831,ンサテ,women,33,46000,1987/04/14
2020/05/16,VL14644,メケケタカ,men,52,15000,1968/04/21
2020/05/28,XB60577,ラユカロ,women,41,70000,1979/01/21
2019/12/27,JZ46418,タヤレタリ,men,29,26000,1991/04/09
2020/05/22,JE86750,ルレキム,women,70,27000,1949/10/17
2020/02/28,BF41932,ミヲシフワオ,men,57,29000,1962/11/03
2019/10/19,SN29763,ミチソスヘノ,women,33,10000,1986/09/17
2020/03/24,VS28286,サエノケワ,men,55,98000,1965/05/03
2020/02/21,XE94467,ツナ,women,72,34000,1948/03/08
2019/09/18,UW32254,アソシユウイ,men,71,31000,1949/02/17
2019/08/22,BY86987,テエキマイニ,men,30,57000,1990/05/31
2020/07/28,DL75739,ニエユソネ,women,78,33000,1942/01/29
2020/01/24,VO90956,テオチニセ,men,32,38000,1988/05/12
2020/08/04,IO48353,マユヲ,women,32,74000,1987/08/15
2020/02/15,TN88578,ハタ,women,61,55000,1959/07/16
2020/01/05,JV46579,クカホヘン,men,63,28000,1956/10/28
2020/08/05,AW45991,セホ,women,37,24000,1983/02/07
2019/12/31,TN50561,ソサワホア,women,75,81000,1944/10/16
2020/02/06,NW85443,リニセ,women,75,92000,1944/10/09
2019/09/12,JO96990,テヒメスモ,women,75,62000,1945/05/22
2019/08/11,EO26700,ワロヲ,men,51,10000,1969/03/09
2019/10/28,ZX30875,モミシンノノ,men,72,9000,1948/07/19
2019/12/30,SR62339,ヲネミ,women,65,36000,1954/08/11
2019/08/12,WH96014,トオ,men,36,75000,1983/08/08
2020/03/29,LI24786,ヨヌナヘメ,men,63,75000,1957/04/14
2019/09/29,KY95474,ルチレサテ,women,56,92000,1964/04/21
2019/11/26,TU17918,ノンイスラミ,women,46,70000,1974/05/10
2020/04/27,RS82251,ヘイヲカセオ,women,28,49000,1992/02/09
2019/11/22,IR79479,ヒワセ,men,56,42000,1963/11/12
2019/09/11,TK77807,ウフケノヲ,women,73,13000,1947/05/14
2020/04/28,EW75139,シケ,men,56,49000,1963/10/05
2019/12/18,TU51138,アウヒナハソ,women,31,52000,1988/08/14
2019/09/27,MF90201,ハルワ,men,65,70000,1955/02/13
2019/10/24,HI22934,スシ,women,74,63000,1946/07/09
2020/02/08,NW88284,ワトタサ,men,72,5000,1947/09/22
2019/12/29,EO68677,ノチヲテス,women,33,92000,1987/01/13
2019/08/27,JR37416,ヤトネヒタ,women,59,18000,1960/11/04
2020/01/18,FM36231,ルナニサヌタ,women,43,83000,1976/12/20
2019/08/11,NB53840,ワヨコ,men,32,99000,1987/10/09
2020/01/31,KU31884,ロンマソヒヨ,men,24,61000,1995/11/20
2020/01/19,EM70876,ナナムシセム,women,56,84000,1963/11/24
2020/02/20,PF44563,トク,women,52,62000,1968/03/27
2020/02/27,MI80098,シナヘ,women,53,57000,1966/12/23
2020/03/21,ZM67678,ホリ,women,38,81000,1981/11/06
2020/06/01,ED42648,セウホワキ,women,60,61000,1959/09/14
2020/07/09,JV14476,ヌワヘリア,men,43,68000,1976/11/21
2020/07/31,FF82852,アヌヒトコ,men,75,54000,1945/05/12
2019/11/07,WA75909,モモ,men,70,23000,1950/05/12
2019/12/09,EK67064,アラタネマヒ,women,67,16000,1953/02/24
2020/01/23,FD48105,タヘ,men,51,40000,1969/06/04
2019/11/21,CH17891,ルルヨクミヤ,men,74,65000,1945/09/10
2020/04/11,EH88030,ンユヨリ,women,67,81000,1952/08/20
2020/04/05,OK31555,ンイロ,women,36,87000,1984/07/19
2019/10/28,PM67224,ムトツ,women,45,99000,1974/09/12
2020/02/27,BF76485,ルラレア,women,63,93000,1956/10/17
2019/10/18,MS65067,ヤクア,women,28,36000,1991/09/23
2020/02/11,CS46374,サシ,men,59,21000,1961/01/31
2019/10/19,LZ49947,テウス,women,42,40000,1978/05/08
2019/08/09,GZ54036,コテト,women,39,43000,1980/08/16
2020/01/03,UW86453,ヤヲセハフヲ,men,49,56000,1971/05/16
2019/10/01,VD83809,リイオ,men,27,10000,1993/03/23
2020/05/11,KV88569,オアサスヨリ,men,64,48000,1955/10/21
2020/01/19,JT49921,リホ,men,36,33000,1984/02/14
2020/03/15,DV70471,クモテホホ,men,51,19000,1969/03/12
2019/10/28,HY19139,シホ,men,47,39000,1973/01/14
2020/05/01,RO18153,ニニ,men,62,26000,1958/03/10
2020/06/26,AQ45176,ヘフヤ,women,40,28000,1980/04/25
2020/02/04,GC55615,レミメルムス,women,26,78000,1994/03/16
2019/11/11,UE19437,ハケナロキマ,men,32,22000,1987/11/14
2020/05/12,ZH12350,ンエヨトヲサ,men,68,16000,1952/07/29
2020/05/23,LW31440,ミオホ,women,53,36000,1967/04/20
2020/06/09,QM79142,ヲセメモ,men,42,19000,1978/05/31
2019/11/14,QS65531,ツトレセ,men,48,37000,1971/12/16
2019/08/31,EF13119,チモ,women,24,79000,1996/01/13
2020/04/17,SU24287,ネイキロ,women,41,71000,1979/04/30
2019/09/08,MN90797,インソ,women,47,1000,1973/01/09
2019/11/13,IS70050,オノキ,women,45,49000,1975/02/26
2020/07/11,QX15475,ムラ,men,43,33000,1977/08/03
2019/12/11,PW35050,ヤムセサ,women,31,4000,1988/09/28
2020/01/13,NH56559,サメ,women,69,53000,1950/10/30
2020/04/11,UP62381,アシ,women,70,31000,1950/05/26
2020/02/20,SO51885,ヌヤヘ,women,66,68000,1953/12/29
2019/09/01,MK65785,ナロネキホメ,men,38,51000,1982/07/04
2020/04/20,ML97683,レシオ,women,56,3000,1963/10/19
2019/08/10,ZZ97394,キカキ,men,54,59000,1966/02/19
2020/07/11,QJ95766,ホフホ,women,51,10000,1968/10/13
2020/02/28,UL81664,ソマコ,men,50,73000,1970/06/02
2020/02/25,MI66272,ケミコヌオ,men,54,76000,1966/02/01
2020/03/05,AG36645,ワソ,men,40,82000,1980/02/13
2020/06/30,JN41436,ナツカク,men,60,78000,1960/01/03
2020/07/20,ZG16838,ヨセムナアラ,men,54,33000,1965/10/12
2020/03/06,VS51875,ヨレケ,women,61,66000,1958/12/06
2020/07/24,BA37681,ネムテテウラ,women,22,49000,1998/06/04
2019/10/26,XV37076,ヲヘヤツカル,women,37,56000,1983/04/16
2019/11/20,VP41526,ソチホ,women,57,69000,1962/12/17
2019/08/20,MH67916,ホレエワフコ,men,27,92000,1993/05/01
2019/10/13,WL94630,クモレハリヤ,women,33,57000,1986/10/16
2019/08/17,CB69155,オロヨ,men,24,40000,1995/08/26
2020/04/13,YD45001,ワル,women,69,98000,1951/02/15
2020/01/17,PI67939,ンナネソ,men,55,28000,1965/01/18
2020/02/28,SU73270,マレユ,women,25,98000,1994/09/16
2019/08/31,YQ63819,ツトヤ,women,49,31000,1971/07/22
2020/08/02,RB59709,シテハヘリハ,men,47,8000,1973/01/10
2020/07/18,IE39491,ハスクイサフ,men,23,99000,1996/11/04
2020/03/18,KT34126,エロノナ,men,38,99000,1981/10/21
2020/02/28,KZ32994,ユフハユ,men,69,92000,1951/07/26
2020/03/04,FI19039,トメラヒマ,men,78,35000,1942/01/28
2019/12/08,OQ91742,トホワシキ,men,49,86000,1971/07/26
2019/10/22,KE69366,キワホツ,men,74,53000,1946/04/17
2020/03/26,DT45168,ンマクト,women,33,7000,1986/08/17
2020/02/15,GC79285,ツヨニ,men,29,43000,1991/04/14
2019/10/08,CZ70342,ンメヘ,men,80,89000,1939/10/06
2020/02/28,MZ37386,エソセウコユ,men,73,9000,1946/10/07
2020/06/05,XO37949,マラスモ,women,41,30000,1979/01/06
2020/02/15,GV97133,ムトチホヨ,men,53,27000,1967/01/03
2019/08/17,EE44947,ソヌ,women,45,59000,1974/11/22
2020/08/02,XI55545,ヤニヘホ,women,76,10000,1943/09/01
2020/03/28,SO12711,トフ,women,33,75000,1986/08/29
2020/07/03,SM21639,ムシ,women,79,85000,1940/10/31
2020/01/17,EG74273,ネフリエエエ,men,76,43000,1944/05/10
2019/10/09,QB42628,カヲ,women,28,36000,1991/08/23
2020/05/04,VU99734,レク,women,66,87000,1954/02/04
2020/01/02,JW75007,ヘユモユホユ,women,24,68000,1996/02/05
2019/10/25,GY81304,レテネ,men,32,74000,1987/11/02
2020/03/22,SH50380,フミシユ,women,57,74000,1963/05/17
2020/01/17,WO61359,カカニナ,men,54,68000,1965/11/01
2019/10/12,WQ85210,ネレ,men,56,77000,1963/11/12
2019/08/06,OI75371,オク,men,22,70000,1997/09/02
2019/12/31,CS74111,キヲ,women,30,97000,1990/07/10
2019/11/13,LT64852,モク,women,31,47000,1989/06/28
2020/02/02,ZE66401,ラヘユ,women,79,72000,1941/05/23
2019/11/07,PN70672,ミウケ,men,62,48000,1957/09/22
2019/11/04,LM40760,ヨレ,men,39,46000,1981/03/08
2019/09/17,BF18609,ノロンヤメム,men,32,51000,1988/05/10
2019/11/13,OU27939,イリヘツ,men,63,16000,1957/02/16
2020/07/13,VS82663,アタマリ,women,60,9000,1960/05/19
2020/04/28,YH94933,ホハヨサカニ,men,32,67000,1988/06/10
2019/10/02,RB60261,ネフフワン,women,77,99000,1942/11/18
2020/05/18,TP82672,オヘネヒカロ,women,64,96000,1955/09/03
2019/08/23,EP27192,ラソクツウラ,men,63,80000,1957/07/17
2020/05/03,AI93113,ヒクイテキ,men,79,35000,1941/04/06
2020/05/29,PS72430,ニセヘケ,women,75,8000,1944/11/09
2019/11/29,DT70401,ヤケ,men,78,63000,1942/05/15
2020/03/06,OH26104,ワメワ,men,31,54000,1988/11/10
2020/03/15,AX16977,シホワ,men,77,72000,1942/10/15
2020/05/15,AE71782,キタシヌ,men,78,79000,1942/01/25
2020/06/11,SI38144,サカケニネヘ,women,81,45000,1939/02/22
2020/07/28,NA62563,ニンカレマ,women,50,31000,1970/04/09
2020/01/02,OG44890,アエアクカワ,men,67,51000,1953/04/11
2020/04/24,GM85039,ミムテロラノ,men,64,73000,1955/11/30
2020/03/06,FA43192,モレヨレワホ,women,54,35000,1965/08/19
2019/08/23,ZH79241,レウノク,women,39,39000,1981/07/09
2019/12/15,IC29663,フメ,men,33,74000,1987/03/05
2019/10/09,RA91966,ンリウヌヌル,women,45,89000,1974/12/12
2019/11/13,MF12740,レメリ,women,47,22000,1973/01/31
2020/03/10,WT40409,ワネニロヲイ,men,46,48000,1973/09/14
2020/04/15,DH65359,ミケツマノ,women,40,70000,1980/01/02
2019/08/09,RJ70385,ヒヤ,women,73,95000,1946/09/26
2019/09/02,JG95128,ハンメナヲコ,men,67,82000,1953/04/29
2020/01/03,WP49634,エナ,women,57,13000,1963/01/18
2019/11/15,BI95485,セチ,men,63,53000,1956/10/16
2020/02/05,RC19341,ハレモ,women,76,31000,1943/12/19
2020/03/10,NC14368,ナシノサワマ,men,44,99000,1976/02/21
2020/06/14,SO73772,ラレンリ,men,62,67000,1957/09/26
2020/06/19,TT78285,ソニア,men,30,85000,1990/01/05
2019/10/03,PS13704,レイレ,men,34,90000,1985/12/25
2019/10/11,CG45900,ムフ,men,73,37000,1946/09/08
2019/08/14,FD91328,ムンハトセテ,women,52,49000,1968/07/22
2020/02/17,PV95228,メコ,women,77,50000,1942/10/28
2019/12/25,HJ93489,トマリ,men,60,69000,1960/03/04
2020/05/06,KN49634,ノヒ,women,23,27000,1997/05/16
2020/01/29,QV72654,ヘクエ,men,44,98000,1975/11/16
2020/06/20,BX27294,エミフソオツ,women,66,99000,1953/09/11
2020/05/06,RO58083,ツミヲヘ,men,27,75000,1992/11/04
2019/09/08,AZ40723,ルキチコハ,women,70,80000,1950/07/07
2020/03/01,VH29626,トマムレク,women,34,79000,1986/01/15
2020/01/06,TY92922,ラサトムテケ,men,67,2000,1952/11/22
2019/12/05,RT18827,ナラ,men,22,87000,1997/11/09
2020/02/11,HM51625,エカフ,men,78,11000,1942/01/11
2020/04/02,PY98461,タワ,women,28,1000,1992/05/03
2020/02/14,MK85190,スラサンチア,women,75,9000,1944/12/06
2020/04/07,KY17278,フイアソサネ,men,37,18000,1983/04/11
2019/08/11,TX93166,サトサトエフ,men,53,63000,1966/09/02
2020/06/16,GU14856,ネワノホ,women,54,94000,1966/01/11
2019/09/13,VS90321,ケロヒヨモ,men,76,83000,1944/02/25
2020/04/28,PN12144,コヌエルル,men,47,62000,1973/04/19
2020/01/16,ZV78791,ミレリノ,men,64,50000,1955/08/12
2020/02/14,AQ89074,ネト,women,38,55000,1982/07/27
2019/09/09,PS76001,ヨユルイン,men,77,88000,1943/01/24
2020/05/21,MQ67345,ソン,women,79,35000,1941/04/09
2019/08/26,RA37532,ロモワ,men,55,15000,1965/03/23
2019/12/28,ZP17727,タス,women,60,84000,1960/02/23
2019/08/08,RC51034,ロネエツサ,women,50,92000,1969/11/17
2019/12/17,AZ95337,ヘツホ,women,29,20000,1991/07/02
2019/09/09,NQ95303,アト,women,40,9000,1979/09/10
2019/08/22,OY44362,ヌハソミ,women,64,75000,1955/09/24
2019/09/11,CB20127,クンム,women,71,4000,1948/11/22
2020/06/04,GZ85853,モヘ,men,56,69000,1963/11/12
2020/06/10,PP72018,ナリステコキ,men,58,33000,1962/04/15
2020/01/02,OY97856,キタレチノナ,women,60,82000,1960/01/30
2020/02/22,IW12774,ヘウ,men,52,54000,1967/08/13
2019/08/17,WC53374,トヘオヘナ,women,40,79000,1979/12/18
2019/10/26,AX20787,ユンワハ,women,53,17000,1966/10/12
2019/10/04,HR40624,スヒフ,men,73,5000,1947/05/19
2020/06/15,GI12763,ヌタチ,women,76,41000,1944/04/20
2020/07/20,KU56802,スイネ,men,74,68000,1946/05/12
2019/12/11,AO28792,メフキカホア,men,42,41000,1978/06/28
2020/07/12,CD76865,ミハレヲマ,women,72,81000,1947/08/25
2019/12/23,HU33590,ヨセヌオネ,women,77,13000,1942/11/15
2019/08/23,DI77810,チス,men,54,5000,1966/01/17
2019/08/29,HB32795,メネキキサ,men,81,29000,1939/05/22
2020/05/15,OO39290,キユワ,men,29,1000,1991/08/02
2020/05/02,AU51552,ノソ,men,54,18000,1966/02/14
2020/03/26,GU28910,タカヤミユサ,women,36,32000,1984/01/18
2020/05/11,XL41845,ヒミナケヒム,men,56,90000,1964/01/11
2020/02/08,CW25212,ナサナンハ,men,38,11000,1981/08/27
2019/08/25,FF27776,ホオユケ,women,42,82000,1977/11/21
2019/10/30,SA81038,ニツキオリサ,men,44,99000,1975/10/05
2020/07/15,SK70333,カノチカヒチ,men,31,58000,1989/08/03
2020/02/18,JL57519,レル,men,35,59000,1985/02/09
2019/11/05,PR75407,ノクヒスレ,men,31,8000,1989/04/01
2020/05/11,LE31716,レヤチノナ,women,65,26000,1955/07/26
2019/12/20,QB52717,チニエ,women,39,90000,1981/03/05
2020/03/25,PJ37103,ウチケ,women,70,4000,1950/02/20
2020/06/24,SH92323,ヌニリリチ,women,34,33000,1985/08/07
2019/11/24,JB24747,チツセ,men,42,21000,1977/08/08
2019/10/24,VX76565,ヌヘヤツヤ,women,81,10000,1938/11/28
2019/08/23,AX84402,ネニ,women,39,78000,1980/10/12
2020/04/19,WH30109,ツヨユヨ,men,27,32000,1993/02/09
2019/09/12,JP51288,セムア,men,55,10000,1964/11/25
2019/09/12,DP64810,ヲノレヨステ,women,28,36000,1992/07/25
2020/03/27,QD17176,サヲタカケロ,women,65,81000,1955/06/09
2020/04/19,XH81407,ロネシオ,women,22,36000,1997/11/04
2020/07/23,CC25121,モンス,women,35,68000,1984/12/14
2020/04/05,KU57623,ナンキヤヨ,women,71,21000,1949/06/19
2019/12/18,UI84432,キミ,women,61,96000,1959/04/20
2019/11/18,AU98006,アシ,women,55,36000,1965/03/06
2020/03/17,MA40120,ノネコ,men,59,63000,1960/08/13
2019/09/10,MT69838,モヘケロス,women,58,79000,1961/11/27
2019/12/11,ON13349,ミノヘエモト,men,34,80000,1985/12/21
2019/08/29,DH14534,ホレハヌ,women,65,35000,1955/05/10
2019/11/11,JW17673,セコニチク,men,78,49000,1942/03/12
2019/12/26,TF54858,ケセルハサ,women,78,7000,1941/10/15
2020/04/04,KC99259,イタネラミメ,men,23,14000,1997/06/26
2020/03/15,GU19611,クスイヲ,women,52,16000,1967/11/14
2019/11/12,OU29007,モソリムヒネ,men,31,40000,1989/03/15
2019/08/11,RY94079,ヨシユメラ,men,34,67000,1986/01/19
2020/05/06,LA52527,ユコ,women,22,78000,1998/02/13
2020/04/05,CA65846,テチ,men,26,85000,1994/04/02
2019/10/24,SB62150,ルネンラ,women,47,73000,1972/08/23
2019/11/08,XY50313,ルヌン,women,48,73000,1971/08/31
2019/12/13,XB37360,レセルクヘ,men,56,18000,1963/10/26
2020/06/03,II75436,タクサ,men,31,34000,1989/06/28
2019/09/02,IQ51666,フネミスコ,men,60,12000,1960/03/06
2020/01/22,CP99845,チコケタオ,men,72,72000,1948/06/14
2020/04/11,FZ22170,ミネモツ,men,75,32000,1944/08/22
2020/04/16,BZ89680,アル,men,27,21000,1992/09/22
2020/07/10,KP84318,ルタテ,women,44,43000,1975/08/07
2020/03/24,CA48799,ウイツ,women,72,6000,1947/10/26
2019/08/13,BP44534,モライエ,women,71,84000,1949/04/16
2020/01/17,VC14860,ツキアクリソ,men,32,69000,1988/01/30
2020/05/22,DY58698,トユヤ,women,58,38000,1961/09/23
2020/04/09,IU50827,シルネ,women,38,47000,1982/07/31
2020/01/22,WJ16073,ツケエ,women,81,33000,1938/09/20
2020/06/16,HQ55273,スヲ,men,33,56000,1987/06/02
2019/09/25,KJ35093,ホセエクタ,women,35,87000,1985/05/04
2020/02/19,QZ35473,アタタユツシ,men,28,63000,1991/12/05
2020/07/30,UX66725,ムシノハレ,women,73,76000,1947/04/19
2020/07/27,WP19184,マシ,women,23,24000,1997/07/16
2019/11/07,AI70755,ヘコンシヤン,men,57,84000,1962/12/09
2019/12/08,NX43657,イチ,women,44,39000,1976/04/30
2019/10/09,GM22798,フケ,women,31,42000,1989/03/27
2019/10/21,KW40932,コケウ,men,70,89000,1950/06/17
2019/09/02,FL56847,ウサリケサ,men,67,35000,1953/03/02
2020/04/01,LD39221,タエアスチ,women,57,76000,1962/12/21
2020/04/09,EF74296,ネヒス,men,51,46000,1969/05/19
2019/10/09,NJ18896,ナエウ,women,32,61000,1988/05/17
2020/04/23,ES24018,チシイン,women,42,42000,1977/11/05
2020/07/11,MW30665,タウキコ,men,44,22000,1976/01/05
2020/06/28,FK87398,トタチン,men,43,74000,1977/01/20
2020/03/06,ME91173,ヘレコアロロ,women,42,95000,1978/05/17
2020/08/05,GQ36193,セイツエ,women,31,98000,1988/10/29
2020/04/29,VJ98601,ルミア,men,75,64000,1945/04/30
2020/02/13,LK90484,ネセケヒネヘ,women,23,91000,1996/10/06
2020/06/25,BS53031,レテト,men,66,19000,1954/07/20
2019/12/29,GM83716,コヨララタミ,men,32,87000,1987/11/29
2020/02/06,SM89985,ヲミラロロ,women,79,50000,1940/12/24
2020/03/31,TW94591,オル,men,54,34000,1965/08/22
2019/11/04,LG45105,リク,women,42,34000,1978/03/26
2020/01/29,MV13267,コウヨク,men,49,90000,1970/11/02
2020/03/28,QQ13221,シレクカ,women,47,91000,1972/11/22
2019/12/02,CW17994,ロメクメキ,women,46,93000,1973/08/23
2020/04/07,VV78769,ヲネオヲ,women,51,85000,1969/07/03
2019/09/23,NV19061,トマイヨノ,women,66,23000,1954/04/13
2019/11/08,RK67682,テイオクツ,women,33,51000,1987/05/04
2019/10/25,OS19244,ヒスタセノカ,men,69,28000,1950/09/16
2019/12/01,II69683,エノシソ,women,66,8000,1953/08/06
2020/01/06,ZU58387,ヒキヌ,men,73,76000,1946/12/30
2020/02/11,SN52957,テホユ,men,39,44000,1981/01/04
2020/06/30,QZ68549,シマケフカ,women,77,26000,1942/08/06
2020/02/14,TA92432,ノノモモミシ,women,77,55000,1942/10/04
2020/06/23,WO22050,モヨンシハ,women,52,84000,1968/02/15
2020/03/16,HF68917,ウイキムタヒ,women,25,33000,1995/07/12
2019/08/27,QB79068,エミヌメ,men,55,25000,1965/07/13
2019/12/18,SG44909,ロマオケエ,women,40,25000,1979/09/15
2020/04/15,DO13866,ヒネタテアハ,women,27,55000,1993/03/23
2019/09/04,XA76937,ソホサチ,men,52,51000,1968/03/07
2019/10/14,PU49920,オチミカム,women,55,20000,1964/10/29
2020/01/02,QN73649,フムユ,men,67,12000,1953/02/24
2020/01/10,OF86614,ラララホコ,women,24,49000,1996/01/31
2019/12/20,GE94907,サムヨ,women,26,81000,1993/08/10
2019/10/20,ZM54933,クコツエリテ,women,80,17000,1940/04/26
2019/08/22,AO31738,ウヌラ,women,36,22000,1984/03/30
2020/05/20,XD26014,マネケコノ,men,47,36000,1972/11/21
2020/04/01,YU22462,サマモ,women,56,94000,1963/11/14
2019/10/17,AX71366,ヤメタネイ,men,40,68000,1979/09/19
2019/08/23,KA95158,ミヘフヌタウ,women,52,44000,1967/10/30
2020/04/25,LV66940,ニヨツモン,men,39,70000,1980/11/13
2019/10/31,EM27541,ヒク,men,74,57000,1946/02/15
2019/10/17,ZM84648,ミレセム,men,27,66000,1992/09/24
2019/09/24,RZ16072,ヨテソナ,men,46,67000,1974/02/16
2020/04/14,VW75104,ルツ,women,45,83000,1974/08/07
2020/01/12,ET37607,ワミム,women,72,71000,1948/07/18
2019/08/26,SL19757,ヌタコレリ,women,69,7000,1950/10/03
2020/06/07,DS33682,オソレサヌユ,women,32,2000,1987/10/12
2019/09/12,DT62765,タエネム,men,48,86000,1971/10/01
2019/12/12,WP46300,オヤツ,women,42,5000,1978/06/12
2020/03/09,VS64102,ヤヌメフ,women,72,81000,1948/03/12
2020/05/11,HO36241,ケナムミニラ,women,46,28000,1973/11/28
2020/02/27,OS73469,エノワ,men,46,70000,1974/03/26
2019/08/31,SS44681,フメ,women,61,90000,1959/02/20
2019/12/23,DH47928,テヨメヌルヤ,men,25,90000,1994/10/05
2020/05/21,SU52834,レヤツツキリ,women,51,54000,1968/08/26
2020/06/16,FU57329,ネヤヲツ,women,79,89000,1941/02/10
2020/04/13,AD69273,ケリシ,women,36,73000,1984/01/14
2020/05/24,KO88150,ソソ,men,45,71000,1975/04/08
2020/06/28,AF49805,ナヤヘレ,women,45,24000,1974/11/12
2020/05/02,XV60820,ニヘカヒキサ,men,48,28000,1971/10/07
2020/04/20,AK71318,ミラモトネ,women,72,24000,1948/03/26
2019/12/22,JK43802,イウチノ,men,33,51000,1986/08/30
2020/01/21,IR84649,シルオヲユ,women,43,80000,1976/11/01
2019/12/01,BF34038,ワタ,women,36,75000,1983/11/01
2019/12/29,TI14229,イウクハチ,women,33,77000,1986/12/08
2019/08/19,UN56322,アモ,women,76,44000,1943/09/06
2020/01/13,BW71107,ケタ,men,27,5000,1993/03/30
2019/09/17,RL17455,ヨヘチツクヲ,men,54,5000,1966/04/04
2020/03/10,DN77448,モアテ,women,43,19000,1977/02/15
2019/08/17,KG91278,テソミタツネ,men,39,42000,1981/04/22
2019/09/06,VP96386,リハ,men,52,42000,1968/06/09
2020/02/25,AJ99615,ヒスサヒ,men,62,85000,1958/01/14
2019/10/12,FL57622,フラフカリネ,women,49,62000,1970/11/17
2019/12/05,CC76435,ヲニ,women,48,7000,1972/06/12
2019/12/09,PA47252,ヒテフユ,men,38,91000,1982/03/29
2020/05/21,WN26077,サニソヘスキ,men,32,50000,1988/03/26
2020/08/04,GQ31050,キトツアレ,women,50,98000,1969/08/12
2020/06/03,ZX92193,セマ,men,57,99000,1963/05/16
2020/01/19,CN95918,ヤエ,men,48,40000,1972/03/19
2019/10/18,EX94213,テヘ,women,68,48000,1952/03/30
2019/12/08,QD20371,ノスミハ,men,30,12000,1990/01/31
2020/02/25,LV15199,アヲ,men,66,93000,1954/03/22
2019/12/02,CU60828,イミ,men,51,34000,1969/03/16
2020/04/25,EB65331,コソユワイ,women,24,83000,1996/01/11
2020/04/27,AC71951,フヘツン,men,47,97000,1973/07/06